{
  "naturalist:recipes/food/cooked_egg": {
    "criteria": {
      "has_eggs": "2024-07-14 15:11:57 -0500"
    },
    "done": true
  },
  "knight_quest:kq_quest_source": {
    "criteria": {
      "kq_quest_source": "2024-07-14 15:11:57 -0500"
    },
    "done": true
  },
  "iter_rpg:iter_root": {
    "criteria": {
      "iter_root": "2024-07-14 15:11:57 -0500"
    },
    "done": true
  },
  "eeeabsmobs:eeeabsmobs/root": {
    "criteria": {
      "requirement": "2024-07-14 15:11:57 -0500"
    },
    "done": true
  },
  "tombstone:adventure/root": {
    "criteria": {
      "auto": "2024-07-14 15:11:59 -0500"
    },
    "done": true
  },
  "weaponmaster:parts/root": {
    "criteria": {
      "crafting_table": "2024-07-14 15:11:57 -0500"
    },
    "done": true
  },
  "parcool:grant_parcool_guide": {
    "criteria": {
      "tick": "2024-07-14 15:11:57 -0500"
    },
    "done": true
  },
  "irons_spellbooks:grant_patchouli": {
    "criteria": {
      "tick": "2024-07-14 15:11:57 -0500"
    },
    "done": true
  },
  "minecraft:adventure/adventuring_time": {
    "criteria": {
      "minecraft:taiga": "2024-07-14 15:18:46 -0500",
      "minecraft:sunflower_plains": "2024-07-14 15:16:43 -0500",
      "minecraft:beach": "2024-07-14 15:21:36 -0500",
      "minecraft:river": "2024-07-14 15:14:49 -0500",
      "minecraft:stony_shore": "2024-07-14 15:22:27 -0500",
      "minecraft:cold_ocean": "2024-07-14 15:21:09 -0500",
      "minecraft:forest": "2024-07-14 15:18:26 -0500",
      "minecraft:flower_forest": "2024-07-14 15:19:31 -0500",
      "minecraft:meadow": "2024-07-14 15:16:52 -0500",
      "minecraft:plains": "2024-07-14 15:11:59 -0500"
    },
    "done": false
  },
  "DataVersion": 3120
}