{"stats":{"minecraft:used":{"minecraft:calcite":10,"minecraft:oak_fence":39,"minecraft:water_bucket":39,"minecraft:diorite":2,"minecraft:spruce_door":8,"minecraft:dirt_path":42,"minecraft:iron_shovel":252,"minecraft:stone_shovel":565,"minecraft:ladder":32,"minecraft:oak_planks":12,"minecraft:blue_wool":88,"minecraft:spruce_planks":1421,"minecraft:stone":4,"minecraft:zombie_spawn_egg":1,"days_in_the_middle_ages:roof_corner":62,"minecraft:wooden_shovel":108,"iter_rpg:humie_butcher":9,"minecraft:oak_leaves":29,"minecraft:white_wool":137,"days_in_the_middle_ages:barrel_beer":17,"minecraft:white_carpet":26,"minecraft:oak_slab":595,"minecraft:spruce_stairs":1,"minecraft:cobblestone_wall":77,"days_in_the_middle_ages:roof_top_corner":2,"minecraft:stone_brick_wall":203,"minecraft:spruce_fence":11,"minecraft:infested_stone_bricks":43,"minecraft:spruce_log":190,"eeeabsmobs:guardian_axe":1,"minecraft:polished_diorite":6,"minecraft:oak_log":359,"days_in_the_middle_ages:well":7,"days_in_the_middle_ages:roof":555,"minecraft:stone_brick_slab":112,"days_in_the_middle_ages:skeleton_1":1,"days_in_the_middle_ages:hanging_sign":10,"lightmanscurrency:atm":2,"days_in_the_middle_ages:well_roof_spruce":10,"minecraft:grass_block":548,"days_in_the_middle_ages:boat":12,"days_in_the_middle_ages:barrel":26,"lightmanscurrency:armor_display":13,"days_in_the_middle_ages:fishhook":4,"minecraft:spruce_trapdoor":85,"experienceobelisk:experience_obelisk":3,"minecraft:stone_brick_stairs":55,"minecraft:stone_bricks":1919,"days_in_the_middle_ages:fishhooksalmon":8,"days_in_the_middle_ages:windowbottom":30,"minecraft:blue_carpet":25,"lightmanscurrency:gem_terminal":5,"minecraft:cobblestone":118,"minecraft:white_banner":6,"minecraft:glass_pane":12,"knight_quest:kq_sword_paladin":24,"days_in_the_middle_ages:roof_top":13},"minecraft:killed":{"graveyard:corrupted_vindicator":3,"minecraft:trader_llama":2,"graveyard:acolyte":2,"minecraft:chicken":1,"graveyard:corrupted_pillager":5},"minecraft:picked_up":{"minecraft:azure_bluet":1,"minecraft:chicken":2,"born_in_chaos_v1:river_mint":1,"minecraft:salmon":8,"minecraft:leather":2,"minecraft:lead":2,"minecraft:item_frame":1,"minecraft:white_carpet":1,"graveyard:corruption":9,"minecraft:wheat_seeds":2,"minecraft:poppy":1,"graveyard:bone_dagger":1,"minecraft:dandelion":6,"minecraft:porkchop":8,"minecraft:blue_carpet":1,"minecraft:stone_sword":1,"minecraft:mutton":3,"minecraft:cod":2,"minecraft:white_wool":2,"minecraft:oxeye_daisy":2},"minecraft:dropped":{"minecraft:oak_fence":1},"minecraft:custom":{"minecraft:mob_kills":13,"minecraft:leave_game":2,"minecraft:time_since_death":361585,"minecraft:climb_one_cm":2260,"minecraft:time_since_rest":361585,"minecraft:sprint_one_cm":245481,"minecraft:walk_one_cm":441465,"minecraft:drop":1,"minecraft:damage_dealt":2550,"minecraft:swim_one_cm":4598,"minecraft:talked_to_villager":1,"minecraft:fly_one_cm":2436049,"minecraft:open_chest":4,"minecraft:crouch_one_cm":29458,"minecraft:play_time":361585,"minecraft:sneak_time":21212,"minecraft:walk_under_water_one_cm":106273,"minecraft:jump":549,"minecraft:walk_on_water_one_cm":72520,"minecraft:total_world_time":362576}},"DataVersion":3120}