{"stats":{"minecraft:used":{"minecraft:stone_brick_stairs":35,"minecraft:stone_bricks":1225,"minecraft:oak_log":354,"minecraft:oak_fence":5,"minecraft:stone_brick_slab":46,"minecraft:water_bucket":27,"minecraft:oak_slab":595,"minecraft:grass_block":433,"minecraft:cobblestone_wall":66,"minecraft:ladder":6,"minecraft:stone":4,"minecraft:stone_brick_wall":41},"minecraft:picked_up":{"minecraft:chicken":1,"born_in_chaos_v1:river_mint":1,"minecraft:wheat_seeds":2,"minecraft:dandelion":1,"minecraft:porkchop":4},"minecraft:custom":{"minecraft:time_since_rest":97585,"minecraft:crouch_one_cm":6469,"minecraft:sprint_one_cm":20422,"minecraft:play_time":97585,"minecraft:walk_one_cm":58518,"minecraft:sneak_time":8833,"minecraft:walk_under_water_one_cm":100031,"minecraft:jump":117,"minecraft:damage_dealt":30,"minecraft:leave_game":2,"minecraft:walk_on_water_one_cm":69469,"minecraft:time_since_death":97585,"minecraft:climb_one_cm":445,"minecraft:total_world_time":98576,"minecraft:swim_one_cm":4598,"minecraft:fly_one_cm":1015885}},"DataVersion":3120}