{"stats":{"minecraft:used":{"minecraft:calcite":9,"minecraft:oak_log":355,"minecraft:oak_fence":37,"days_in_the_middle_ages:roof":155,"minecraft:stone_brick_slab":65,"minecraft:water_bucket":31,"minecraft:diorite":2,"minecraft:iron_shovel":137,"minecraft:spruce_door":7,"minecraft:grass_block":475,"minecraft:stone_shovel":542,"minecraft:ladder":6,"minecraft:spruce_planks":223,"minecraft:stone":4,"days_in_the_middle_ages:roof_corner":27,"minecraft:stone_brick_stairs":55,"minecraft:stone_bricks":1469,"minecraft:oak_slab":595,"minecraft:cobblestone_wall":66,"days_in_the_middle_ages:roof_top_corner":2,"minecraft:stone_brick_wall":197,"minecraft:spruce_log":44,"minecraft:polished_diorite":6,"days_in_the_middle_ages:roof_top":13},"minecraft:picked_up":{"minecraft:chicken":1,"born_in_chaos_v1:river_mint":1,"minecraft:dandelion":1,"minecraft:porkchop":8,"minecraft:wheat_seeds":2,"minecraft:poppy":1,"minecraft:mutton":3,"minecraft:white_wool":2},"minecraft:dropped":{"minecraft:oak_fence":1},"minecraft:custom":{"minecraft:time_since_rest":157585,"minecraft:sprint_one_cm":73659,"minecraft:walk_one_cm":136360,"minecraft:drop":1,"minecraft:damage_dealt":50,"minecraft:swim_one_cm":4598,"minecraft:talked_to_villager":1,"minecraft:fly_one_cm":1397228,"minecraft:crouch_one_cm":10697,"minecraft:play_time":157585,"minecraft:sneak_time":11636,"minecraft:walk_under_water_one_cm":100031,"minecraft:jump":206,"minecraft:leave_game":2,"minecraft:time_since_death":157585,"minecraft:walk_on_water_one_cm":69469,"minecraft:total_world_time":158576,"minecraft:climb_one_cm":445}},"DataVersion":3120}