{"stats":{"minecraft:used":{"minecraft:stone_bricks":4},"minecraft:custom":{"minecraft:jump":15,"minecraft:time_since_rest":19585,"minecraft:crouch_one_cm":501,"minecraft:leave_game":2,"minecraft:play_time":19585,"minecraft:sprint_one_cm":1545,"minecraft:time_since_death":19585,"minecraft:walk_on_water_one_cm":557,"minecraft:walk_one_cm":1150,"minecraft:sneak_time":1528,"minecraft:total_world_time":20576,"minecraft:walk_under_water_one_cm":1288,"minecraft:fly_one_cm":505311}},"DataVersion":3120}