{"stats":{"minecraft:used":{"minecraft:calcite":10,"minecraft:oak_trapdoor":6,"minecraft:oak_fence":119,"minecraft:petrified_oak_slab":5,"minecraft:water_bucket":58,"minecraft:diorite":2,"minecraft:dirt_path":101,"minecraft:iron_shovel":352,"minecraft:spruce_door":12,"days_in_the_middle_ages:cart":5,"minecraft:spruce_slab":1,"minecraft:stone_shovel":565,"lightmanscurrency:card_display_oak":4,"days_in_the_middle_ages:sword_pile":5,"minecraft:oak_planks":12,"minecraft:ladder":53,"minecraft:blue_wool":88,"minecraft:spruce_planks":2114,"days_in_the_middle_ages:gallow_bottom":14,"minecraft:stone":24,"minecraft:zombie_spawn_egg":1,"minecraft:composter":2,"days_in_the_middle_ages:roof_corner":110,"minecraft:blue_bed":1,"graveyard:dark_iron_bars":12,"minecraft:wooden_shovel":108,"minecraft:cobblestone_slab":2,"weaponmaster:workstation":7,"days_in_the_middle_ages:welltaking":4,"days_in_the_middle_ages:windowtop":34,"iter_rpg:humie_butcher":9,"minecraft:oak_leaves":154,"minecraft:white_wool":137,"days_in_the_middle_ages:barrel_beer":23,"minecraft:dirt":1,"minecraft:white_carpet":26,"minecraft:oak_slab":595,"days_in_the_middle_ages:cell_door":2,"days_in_the_middle_ages:animal_trough_oak":1,"minecraft:spruce_stairs":11,"minecraft:cobblestone_wall":77,"days_in_the_middle_ages:roof_top_corner":2,"minecraft:stone_brick_wall":203,"minecraft:infested_stone_bricks":43,"minecraft:spruce_fence":11,"minecraft:spruce_log":203,"days_in_the_middle_ages:sword_in_wall":3,"eeeabsmobs:guardian_axe":1,"minecraft:oak_fence_gate":12,"minecraft:stripped_spruce_log":68,"minecraft:polished_diorite":6,"days_in_the_middle_ages:well":7,"minecraft:oak_log":359,"days_in_the_middle_ages:fire_pit":5,"days_in_the_middle_ages:roof":776,"minecraft:iron_hoe":27,"days_in_the_middle_ages:skeleton_1":1,"minecraft:stone_brick_slab":112,"days_in_the_middle_ages:arrow_slit":2,"days_in_the_middle_ages:hanging_sign":18,"lightmanscurrency:atm":2,"minecraft:chipped_anvil":11,"minecraft:lantern":24,"days_in_the_middle_ages:well_roof_spruce":10,"minecraft:grass_block":784,"minecraft:oak_stairs":10,"days_in_the_middle_ages:boat":12,"days_in_the_middle_ages:firepit_off":1,"days_in_the_middle_ages:barrel":26,"born_in_chaos_v1:staffofthe_summoner":23,"lightmanscurrency:armor_display":13,"days_in_the_middle_ages:fishhook":4,"minecraft:spruce_trapdoor":112,"experienceobelisk:experience_obelisk":3,"minecraft:oak_pressure_plate":3,"lightmanscurrency:vending_machine_large_red":1,"minecraft:stone_brick_stairs":70,"minecraft:melon_seeds":12,"minecraft:stone_bricks":3749,"days_in_the_middle_ages:windowbottom":48,"days_in_the_middle_ages:fishhooksalmon":8,"minecraft:blue_carpet":25,"minecraft:glowstone":6,"minecraft:purple_concrete":2,"lightmanscurrency:gem_terminal":5,"minecraft:cobblestone":270,"minecraft:furnace":3,"minecraft:white_banner":6,"lightmanscurrency:vending_machine_red":2,"days_in_the_middle_ages:gallow_middle":20,"minecraft:glass_pane":28,"lightmanscurrency:display_case":17,"minecraft:purple_wool":20,"knight_quest:kq_sword_paladin":36,"days_in_the_middle_ages:roof_top":13},"minecraft:killed":{"graveyard:corrupted_vindicator":3,"iter_rpg:spiderling":3,"minecraft:phantom":2,"minecraft:trader_llama":2,"graveyard:acolyte":2,"minecraft:chicken":1,"iter_rpg:giant_spider":1,"graveyard:corrupted_pillager":5},"minecraft:custom":{"minecraft:mob_kills":19,"tombstone:raider_killed":2,"minecraft:leave_game":4,"minecraft:time_since_death":584601,"minecraft:sleep_in_bed":1,"minecraft:climb_one_cm":5501,"minecraft:time_since_rest":26059,"minecraft:sprint_one_cm":462250,"minecraft:walk_one_cm":807604,"minecraft:drop":1,"minecraft:damage_dealt":3470,"minecraft:swim_one_cm":4598,"minecraft:talked_to_villager":1,"minecraft:fly_one_cm":3442371,"minecraft:open_chest":4,"minecraft:crouch_one_cm":46928,"minecraft:play_time":584601,"tombstone:undead_killed":2,"minecraft:sneak_time":30553,"minecraft:walk_under_water_one_cm":106273,"minecraft:jump":931,"minecraft:walk_on_water_one_cm":72520,"minecraft:total_world_time":585592},"minecraft:picked_up":{"minecraft:azure_bluet":1,"minecraft:chicken":2,"born_in_chaos_v1:river_mint":1,"minecraft:salmon":8,"minecraft:leather":2,"minecraft:lead":4,"minecraft:string":4,"born_in_chaos_v1:marigolds":1,"minecraft:item_frame":1,"minecraft:white_carpet":1,"graveyard:corruption":9,"minecraft:wheat_seeds":3,"minecraft:poppy":1,"lightmanscurrency:coin_iron":2,"minecraft:phantom_membrane":2,"iter_rpg:spider_silk":1,"graveyard:bone_dagger":1,"minecraft:dandelion":6,"minecraft:porkchop":8,"minecraft:blue_carpet":1,"lightmanscurrency:coin_copper":12,"minecraft:stone_sword":1,"lightmanscurrency:coin_gold":2,"minecraft:mutton":3,"minecraft:cod":2,"minecraft:white_wool":2,"minecraft:oxeye_daisy":2},"minecraft:dropped":{"minecraft:oak_fence":1}},"DataVersion":3120}