{"stats":{"minecraft:used":{"minecraft:calcite":10,"minecraft:oak_fence":297,"minecraft:oak_trapdoor":6,"minecraft:dark_oak_stairs":94,"minecraft:petrified_oak_slab":5,"minecraft:water_bucket":204,"minecraft:diorite":2,"minecraft:iron_bars":29,"minecraft:spruce_door":14,"minecraft:dirt_path":102,"minecraft:iron_shovel":392,"days_in_the_middle_ages:cart":5,"minecraft:spruce_slab":1,"minecraft:stone_shovel":565,"lightmanscurrency:card_display_oak":4,"days_in_the_middle_ages:sword_pile":5,"minecraft:oak_planks":58,"minecraft:ladder":72,"minecraft:blue_wool":88,"minecraft:spruce_planks":2788,"days_in_the_middle_ages:gallow_bottom":14,"minecraft:stone":24,"minecraft:zombie_spawn_egg":1,"minecraft:composter":4,"days_in_the_middle_ages:roof_corner":110,"minecraft:cobblestone_slab":90,"minecraft:blue_bed":3,"graveyard:dark_iron_bars":12,"minecraft:wooden_shovel":108,"weaponmaster:workstation":7,"days_in_the_middle_ages:welltaking":4,"days_in_the_middle_ages:windowtop":34,"iter_rpg:humie_butcher":9,"minecraft:oak_leaves":177,"minecraft:torch":72,"minecraft:white_wool":1443,"days_in_the_middle_ages:barrel_beer":23,"minecraft:dirt":1,"minecraft:white_carpet":26,"minecraft:oak_slab":595,"days_in_the_middle_ages:cell_door":2,"days_in_the_middle_ages:animal_trough_oak":1,"minecraft:spruce_stairs":62,"minecraft:cobblestone_wall":77,"days_in_the_middle_ages:roof_top_corner":2,"minecraft:stone_brick_wall":269,"minecraft:stripped_spruce_log":73,"minecraft:infested_stone_bricks":43,"minecraft:spruce_fence":11,"minecraft:spruce_log":339,"days_in_the_middle_ages:sword_in_wall":3,"eeeabsmobs:guardian_axe":1,"minecraft:nether_brick_stairs":75,"minecraft:milk_bucket":1,"minecraft:oak_fence_gate":17,"minecraft:polished_diorite":6,"minecraft:iron_hoe":27,"days_in_the_middle_ages:fire_pit":12,"days_in_the_middle_ages:well":7,"minecraft:oak_log":359,"days_in_the_middle_ages:roof":776,"days_in_the_middle_ages:arrow_slit":2,"days_in_the_middle_ages:skeleton_1":1,"minecraft:stone_brick_slab":502,"minecraft:dark_oak_planks":86,"days_in_the_middle_ages:hanging_sign":18,"lightmanscurrency:atm":2,"minecraft:black_wool":1457,"minecraft:chipped_anvil":11,"days_in_the_middle_ages:campfire":1,"days_in_the_middle_ages:well_roof_spruce":10,"minecraft:lantern":115,"minecraft:grass_block":840,"minecraft:oak_stairs":10,"days_in_the_middle_ages:boat":12,"days_in_the_middle_ages:barrel":26,"days_in_the_middle_ages:firepit_off":1,"lightmanscurrency:armor_display":13,"born_in_chaos_v1:staffofthe_summoner":23,"minecraft:netherite_hoe":17,"days_in_the_middle_ages:fishhook":4,"minecraft:dark_oak_slab":16,"minecraft:spruce_trapdoor":136,"experienceobelisk:experience_obelisk":3,"minecraft:oak_pressure_plate":3,"lightmanscurrency:vending_machine_large_red":1,"minecraft:stone_brick_stairs":116,"minecraft:melon_seeds":29,"minecraft:stone_bricks":5248,"days_in_the_middle_ages:windowbottom":48,"days_in_the_middle_ages:fishhooksalmon":8,"minecraft:blue_carpet":25,"lightmanscurrency:gem_terminal":5,"minecraft:purple_concrete":2,"minecraft:glowstone":6,"minecraft:cobblestone":399,"minecraft:white_banner":6,"minecraft:furnace":3,"lightmanscurrency:vending_machine_red":2,"days_in_the_middle_ages:gallow_middle":20,"minecraft:glass_pane":28,"lightmanscurrency:display_case":17,"minecraft:cobweb":50,"minecraft:purple_wool":20,"knight_quest:kq_sword_paladin":36,"days_in_the_middle_ages:roof_top":13},"minecraft:killed":{"graveyard:corrupted_vindicator":3,"iter_rpg:spiderling":3,"minecraft:phantom":2,"minecraft:sheep":1,"minecraft:trader_llama":2,"graveyard:acolyte":2,"minecraft:chicken":1,"iter_rpg:giant_spider":1,"graveyard:corrupted_pillager":5},"minecraft:picked_up":{"minecraft:azure_bluet":1,"minecraft:chicken":2,"born_in_chaos_v1:river_mint":2,"minecraft:salmon":8,"minecraft:leather":2,"minecraft:brown_wool":1,"minecraft:lead":4,"minecraft:string":4,"born_in_chaos_v1:marigolds":1,"minecraft:item_frame":1,"minecraft:white_carpet":1,"graveyard:corruption":9,"minecraft:wheat_seeds":7,"minecraft:poppy":2,"lightmanscurrency:coin_iron":2,"minecraft:phantom_membrane":2,"iter_rpg:spider_silk":1,"graveyard:bone_dagger":1,"minecraft:dandelion":7,"minecraft:porkchop":8,"minecraft:blue_carpet":1,"lightmanscurrency:coin_copper":12,"minecraft:stone_sword":1,"lightmanscurrency:coin_gold":2,"minecraft:mutton":5,"minecraft:cod":2,"minecraft:white_wool":2,"minecraft:oxeye_daisy":2},"minecraft:dropped":{"minecraft:oak_fence":1},"minecraft:custom":{"minecraft:mob_kills":20,"tombstone:raider_killed":2,"minecraft:leave_game":12,"minecraft:time_since_death":855130,"minecraft:sleep_in_bed":1,"minecraft:climb_one_cm":8341,"minecraft:time_since_rest":296588,"minecraft:sprint_one_cm":680819,"minecraft:walk_one_cm":982716,"minecraft:drop":1,"minecraft:damage_dealt":3550,"minecraft:swim_one_cm":4598,"minecraft:talked_to_villager":1,"minecraft:fly_one_cm":5251287,"minecraft:open_chest":4,"minecraft:crouch_one_cm":66777,"minecraft:play_time":855130,"tombstone:undead_killed":2,"minecraft:sneak_time":45452,"minecraft:walk_under_water_one_cm":107731,"minecraft:jump":1317,"minecraft:walk_on_water_one_cm":100129,"minecraft:total_world_time":856121}},"DataVersion":3120}