{"stats":{"minecraft:used":{"days_in_the_middle_ages:well":7,"minecraft:calcite":10,"minecraft:oak_log":355,"minecraft:oak_fence":37,"days_in_the_middle_ages:roof":156,"minecraft:stone_brick_slab":65,"minecraft:water_bucket":38,"minecraft:diorite":2,"minecraft:dirt_path":2,"minecraft:iron_shovel":252,"minecraft:spruce_door":7,"days_in_the_middle_ages:well_roof_spruce":10,"minecraft:grass_block":525,"minecraft:stone_shovel":542,"minecraft:ladder":6,"days_in_the_middle_ages:barrel":26,"minecraft:spruce_planks":243,"days_in_the_middle_ages:fishhook":4,"minecraft:stone":4,"minecraft:zombie_spawn_egg":1,"experienceobelisk:experience_obelisk":3,"days_in_the_middle_ages:roof_corner":27,"minecraft:wooden_shovel":76,"minecraft:stone_brick_stairs":55,"minecraft:stone_bricks":1469,"days_in_the_middle_ages:fishhooksalmon":8,"minecraft:oak_slab":595,"minecraft:cobblestone_wall":66,"days_in_the_middle_ages:roof_top_corner":2,"minecraft:stone_brick_wall":197,"minecraft:spruce_log":44,"minecraft:polished_diorite":6,"days_in_the_middle_ages:roof_top":13},"minecraft:picked_up":{"minecraft:chicken":1,"born_in_chaos_v1:river_mint":1,"minecraft:salmon":8,"minecraft:dandelion":1,"minecraft:porkchop":8,"minecraft:wheat_seeds":2,"minecraft:poppy":1,"minecraft:mutton":3,"minecraft:cod":2,"minecraft:white_wool":2},"minecraft:dropped":{"minecraft:oak_fence":1},"minecraft:custom":{"minecraft:time_since_rest":181585,"minecraft:sprint_one_cm":99592,"minecraft:walk_one_cm":169412,"minecraft:drop":1,"minecraft:damage_dealt":50,"minecraft:swim_one_cm":4598,"minecraft:talked_to_villager":1,"minecraft:fly_one_cm":1528006,"minecraft:crouch_one_cm":12817,"minecraft:play_time":181585,"minecraft:sneak_time":13553,"minecraft:walk_under_water_one_cm":100031,"minecraft:jump":236,"minecraft:leave_game":2,"minecraft:time_since_death":181585,"minecraft:walk_on_water_one_cm":70405,"minecraft:total_world_time":182576,"minecraft:climb_one_cm":445}},"DataVersion":3120}