{"stats":{"minecraft:used":{"days_in_the_middle_ages:well":7,"minecraft:calcite":10,"minecraft:oak_log":359,"minecraft:oak_fence":37,"days_in_the_middle_ages:roof":186,"lightmanscurrency:atm":2,"days_in_the_middle_ages:skeleton_1":1,"minecraft:stone_brick_slab":112,"minecraft:water_bucket":39,"minecraft:diorite":2,"minecraft:dirt_path":42,"minecraft:iron_shovel":252,"minecraft:spruce_door":7,"days_in_the_middle_ages:well_roof_spruce":10,"minecraft:grass_block":546,"minecraft:stone_shovel":542,"minecraft:oak_planks":12,"days_in_the_middle_ages:boat":12,"minecraft:ladder":32,"days_in_the_middle_ages:barrel":26,"minecraft:spruce_planks":357,"days_in_the_middle_ages:fishhook":4,"minecraft:stone":4,"minecraft:zombie_spawn_egg":1,"experienceobelisk:experience_obelisk":3,"days_in_the_middle_ages:roof_corner":38,"minecraft:wooden_shovel":108,"minecraft:stone_brick_stairs":55,"minecraft:stone_bricks":1919,"iter_rpg:humie_butcher":9,"minecraft:oak_leaves":29,"days_in_the_middle_ages:windowbottom":30,"days_in_the_middle_ages:fishhooksalmon":8,"lightmanscurrency:gem_terminal":5,"days_in_the_middle_ages:barrel_beer":17,"minecraft:white_carpet":1,"minecraft:oak_slab":595,"minecraft:spruce_stairs":1,"minecraft:cobblestone_wall":77,"days_in_the_middle_ages:roof_top_corner":2,"minecraft:stone_brick_wall":203,"minecraft:spruce_log":44,"minecraft:polished_diorite":6,"days_in_the_middle_ages:roof_top":13},"minecraft:killed":{"minecraft:trader_llama":2},"minecraft:picked_up":{"minecraft:azure_bluet":1,"minecraft:chicken":1,"born_in_chaos_v1:river_mint":1,"minecraft:leather":2,"minecraft:salmon":8,"minecraft:lead":2,"minecraft:dandelion":6,"minecraft:porkchop":8,"minecraft:item_frame":1,"minecraft:stone_sword":1,"minecraft:wheat_seeds":2,"minecraft:poppy":1,"minecraft:mutton":3,"minecraft:cod":2,"minecraft:white_wool":2,"minecraft:oxeye_daisy":2},"minecraft:dropped":{"minecraft:oak_fence":1},"minecraft:custom":{"minecraft:time_since_rest":277585,"minecraft:sprint_one_cm":178404,"minecraft:walk_one_cm":292214,"minecraft:mob_kills":2,"minecraft:drop":1,"minecraft:damage_dealt":780,"minecraft:swim_one_cm":4598,"minecraft:talked_to_villager":1,"minecraft:fly_one_cm":1971420,"minecraft:open_chest":4,"minecraft:crouch_one_cm":17951,"minecraft:play_time":277585,"minecraft:sneak_time":16629,"minecraft:walk_under_water_one_cm":100381,"minecraft:jump":359,"minecraft:leave_game":2,"minecraft:time_since_death":277585,"minecraft:walk_on_water_one_cm":70962,"minecraft:total_world_time":278576,"minecraft:climb_one_cm":2042}},"DataVersion":3120}