{"stats":{"minecraft:used":{"minecraft:stone_brick_stairs":35,"minecraft:stone_bricks":1084,"minecraft:oak_log":161,"minecraft:oak_fence":3,"minecraft:stone_brick_slab":46,"minecraft:water_bucket":27,"minecraft:oak_slab":549,"minecraft:grass_block":433,"minecraft:cobblestone_wall":66,"minecraft:stone":4,"minecraft:stone_brick_wall":41},"minecraft:picked_up":{"minecraft:chicken":1,"born_in_chaos_v1:river_mint":1,"minecraft:wheat_seeds":2,"minecraft:porkchop":4},"minecraft:custom":{"minecraft:time_since_rest":85585,"minecraft:crouch_one_cm":5774,"minecraft:sprint_one_cm":12922,"minecraft:play_time":85585,"minecraft:walk_one_cm":43055,"minecraft:sneak_time":6996,"minecraft:walk_under_water_one_cm":52945,"minecraft:jump":73,"minecraft:damage_dealt":30,"minecraft:leave_game":2,"minecraft:walk_on_water_one_cm":62996,"minecraft:time_since_death":85585,"minecraft:total_world_time":86576,"minecraft:swim_one_cm":2955,"minecraft:fly_one_cm":917513}},"DataVersion":3120}