{"stats":{"minecraft:used":{"minecraft:stone_bricks":238},"minecraft:custom":{"minecraft:jump":19,"minecraft:time_since_rest":31585,"minecraft:crouch_one_cm":816,"minecraft:leave_game":2,"minecraft:play_time":31585,"minecraft:sprint_one_cm":1545,"minecraft:time_since_death":31585,"minecraft:walk_on_water_one_cm":1034,"minecraft:walk_one_cm":2196,"minecraft:sneak_time":2212,"minecraft:total_world_time":32576,"minecraft:walk_under_water_one_cm":2224,"minecraft:fly_one_cm":568221}},"DataVersion":3120}