{"stats":{"minecraft:used":{"minecraft:calcite":10,"minecraft:oak_fence":73,"minecraft:petrified_oak_slab":5,"minecraft:water_bucket":58,"minecraft:diorite":2,"minecraft:dirt_path":52,"minecraft:iron_shovel":277,"minecraft:spruce_door":11,"days_in_the_middle_ages:cart":5,"minecraft:spruce_slab":1,"minecraft:stone_shovel":565,"lightmanscurrency:card_display_oak":4,"days_in_the_middle_ages:sword_pile":3,"minecraft:oak_planks":12,"minecraft:ladder":32,"minecraft:blue_wool":88,"minecraft:spruce_planks":2106,"days_in_the_middle_ages:gallow_bottom":14,"minecraft:stone":24,"minecraft:zombie_spawn_egg":1,"minecraft:composter":2,"days_in_the_middle_ages:roof_corner":110,"minecraft:wooden_shovel":108,"weaponmaster:workstation":7,"days_in_the_middle_ages:welltaking":4,"days_in_the_middle_ages:windowtop":34,"iter_rpg:humie_butcher":9,"minecraft:oak_leaves":149,"minecraft:white_wool":137,"days_in_the_middle_ages:barrel_beer":23,"minecraft:dirt":1,"minecraft:white_carpet":26,"minecraft:oak_slab":595,"days_in_the_middle_ages:cell_door":2,"days_in_the_middle_ages:animal_trough_oak":1,"minecraft:spruce_stairs":11,"minecraft:cobblestone_wall":77,"days_in_the_middle_ages:roof_top_corner":2,"minecraft:stone_brick_wall":203,"minecraft:infested_stone_bricks":43,"minecraft:spruce_fence":11,"days_in_the_middle_ages:sword_in_wall":3,"minecraft:spruce_log":203,"eeeabsmobs:guardian_axe":1,"minecraft:stripped_spruce_log":14,"minecraft:oak_fence_gate":12,"minecraft:polished_diorite":6,"days_in_the_middle_ages:well":7,"minecraft:oak_log":359,"days_in_the_middle_ages:fire_pit":1,"days_in_the_middle_ages:roof":776,"minecraft:iron_hoe":27,"minecraft:stone_brick_slab":112,"days_in_the_middle_ages:skeleton_1":1,"days_in_the_middle_ages:arrow_slit":2,"days_in_the_middle_ages:hanging_sign":18,"lightmanscurrency:atm":2,"minecraft:chipped_anvil":6,"days_in_the_middle_ages:well_roof_spruce":10,"minecraft:grass_block":616,"minecraft:oak_stairs":10,"days_in_the_middle_ages:boat":12,"days_in_the_middle_ages:barrel":26,"lightmanscurrency:armor_display":13,"days_in_the_middle_ages:fishhook":4,"minecraft:spruce_trapdoor":112,"experienceobelisk:experience_obelisk":3,"minecraft:oak_pressure_plate":3,"lightmanscurrency:vending_machine_large_red":1,"minecraft:stone_brick_stairs":70,"minecraft:melon_seeds":12,"minecraft:stone_bricks":2784,"days_in_the_middle_ages:windowbottom":48,"days_in_the_middle_ages:fishhooksalmon":8,"minecraft:blue_carpet":25,"minecraft:purple_concrete":2,"lightmanscurrency:gem_terminal":5,"minecraft:cobblestone":121,"minecraft:furnace":3,"minecraft:white_banner":6,"lightmanscurrency:vending_machine_red":2,"days_in_the_middle_ages:gallow_middle":20,"minecraft:glass_pane":28,"lightmanscurrency:display_case":2,"minecraft:purple_wool":20,"knight_quest:kq_sword_paladin":24,"days_in_the_middle_ages:roof_top":13},"minecraft:killed":{"graveyard:corrupted_vindicator":3,"minecraft:trader_llama":2,"graveyard:acolyte":2,"minecraft:chicken":1,"graveyard:corrupted_pillager":5},"minecraft:picked_up":{"minecraft:azure_bluet":1,"minecraft:chicken":2,"born_in_chaos_v1:river_mint":1,"minecraft:salmon":8,"minecraft:leather":2,"minecraft:lead":2,"born_in_chaos_v1:marigolds":1,"minecraft:item_frame":1,"minecraft:white_carpet":1,"graveyard:corruption":9,"minecraft:wheat_seeds":3,"minecraft:poppy":1,"graveyard:bone_dagger":1,"minecraft:dandelion":6,"minecraft:porkchop":8,"minecraft:blue_carpet":1,"minecraft:stone_sword":1,"minecraft:mutton":3,"minecraft:cod":2,"minecraft:white_wool":2,"minecraft:oxeye_daisy":2},"minecraft:dropped":{"minecraft:oak_fence":1},"minecraft:custom":{"minecraft:mob_kills":13,"minecraft:leave_game":3,"minecraft:time_since_death":510768,"minecraft:climb_one_cm":3086,"minecraft:time_since_rest":510768,"minecraft:sprint_one_cm":362533,"minecraft:walk_one_cm":651818,"minecraft:drop":1,"minecraft:damage_dealt":2550,"minecraft:swim_one_cm":4598,"minecraft:talked_to_villager":1,"minecraft:fly_one_cm":2941759,"minecraft:open_chest":4,"minecraft:crouch_one_cm":38763,"minecraft:play_time":510768,"minecraft:sneak_time":26273,"minecraft:walk_under_water_one_cm":106273,"minecraft:jump":781,"minecraft:walk_on_water_one_cm":72520,"minecraft:total_world_time":511759}},"DataVersion":3120}