{"stats":{"minecraft:used":{"minecraft:stone_bricks":900,"minecraft:stone_brick_slab":4,"minecraft:water_bucket":27,"minecraft:oak_slab":29,"minecraft:cobblestone_wall":32,"minecraft:grass_block":433},"minecraft:picked_up":{"minecraft:porkchop":4,"minecraft:chicken":1,"born_in_chaos_v1:river_mint":1},"minecraft:custom":{"minecraft:jump":41,"minecraft:time_since_rest":55585,"minecraft:damage_dealt":30,"minecraft:crouch_one_cm":4670,"minecraft:leave_game":2,"minecraft:play_time":55585,"minecraft:sprint_one_cm":6002,"minecraft:time_since_death":55585,"minecraft:walk_on_water_one_cm":13263,"minecraft:walk_one_cm":37361,"minecraft:sneak_time":4249,"minecraft:total_world_time":56576,"minecraft:walk_under_water_one_cm":8527,"minecraft:fly_one_cm":718268}},"DataVersion":3120}