{"stats":{"minecraft:used":{"minecraft:stone_bricks":615,"minecraft:water_bucket":27,"minecraft:grass_block":241},"minecraft:picked_up":{"minecraft:chicken":1},"minecraft:custom":{"minecraft:jump":32,"minecraft:time_since_rest":43585,"minecraft:damage_dealt":30,"minecraft:crouch_one_cm":4036,"minecraft:leave_game":2,"minecraft:play_time":43585,"minecraft:sprint_one_cm":2690,"minecraft:time_since_death":43585,"minecraft:walk_on_water_one_cm":6746,"minecraft:walk_one_cm":15268,"minecraft:sneak_time":3657,"minecraft:total_world_time":44576,"minecraft:walk_under_water_one_cm":8384,"minecraft:fly_one_cm":654285}},"DataVersion":3120}