{"stats":{"minecraft:used":{"minecraft:stone_bricks":985,"minecraft:oak_log":64,"minecraft:stone_brick_slab":46,"minecraft:water_bucket":27,"minecraft:oak_slab":528,"minecraft:grass_block":433,"minecraft:cobblestone_wall":66,"minecraft:stone_brick_wall":41},"minecraft:picked_up":{"minecraft:chicken":1,"born_in_chaos_v1:river_mint":1,"minecraft:porkchop":4},"minecraft:custom":{"minecraft:time_since_rest":73585,"minecraft:crouch_one_cm":5226,"minecraft:sprint_one_cm":8005,"minecraft:play_time":73585,"minecraft:walk_one_cm":42701,"minecraft:sneak_time":5611,"minecraft:walk_under_water_one_cm":24753,"minecraft:jump":57,"minecraft:damage_dealt":30,"minecraft:leave_game":2,"minecraft:walk_on_water_one_cm":58874,"minecraft:time_since_death":73585,"minecraft:total_world_time":74576,"minecraft:fly_one_cm":832655}},"DataVersion":3120}