{"stats":{"minecraft:used":{"minecraft:stone_brick_stairs":55,"minecraft:stone_bricks":1469,"minecraft:oak_log":355,"days_in_the_middle_ages:roof":155,"minecraft:oak_fence":5,"minecraft:stone_brick_slab":65,"minecraft:water_bucket":31,"minecraft:diorite":2,"minecraft:oak_slab":595,"minecraft:grass_block":458,"minecraft:stone_shovel":175,"minecraft:cobblestone_wall":66,"minecraft:ladder":6,"days_in_the_middle_ages:roof_top_corner":2,"minecraft:spruce_planks":204,"minecraft:stone":4,"minecraft:stone_brick_wall":197,"days_in_the_middle_ages:roof_corner":25,"minecraft:spruce_log":42,"minecraft:polished_diorite":6,"days_in_the_middle_ages:roof_top":13,"minecraft:calcite":9},"minecraft:picked_up":{"minecraft:chicken":1,"born_in_chaos_v1:river_mint":1,"minecraft:wheat_seeds":2,"minecraft:dandelion":1,"minecraft:porkchop":4,"minecraft:poppy":1},"minecraft:custom":{"minecraft:time_since_rest":133585,"minecraft:crouch_one_cm":9476,"minecraft:sprint_one_cm":48307,"minecraft:play_time":133585,"minecraft:walk_one_cm":112348,"minecraft:sneak_time":10148,"minecraft:walk_under_water_one_cm":100031,"minecraft:jump":180,"minecraft:damage_dealt":30,"minecraft:leave_game":2,"minecraft:walk_on_water_one_cm":69469,"minecraft:time_since_death":133585,"minecraft:climb_one_cm":445,"minecraft:total_world_time":134576,"minecraft:swim_one_cm":4598,"minecraft:fly_one_cm":1240638}},"DataVersion":3120}